John,admin,admin123,Admin
Mary,mary,teach123,Teacher
James,james,stud123,Student
Linda,linda,stud456,Student
Imtiaz,Imti,Imti123,Student
joe,joe,joe123,Student
loid,loid,loid123,Teacher
